id,text,sound,timestamp,translate
34502,当我注视着你的时候，我只看到你所许诺的、我们共同的未来。,,1457026380,1
34503,我会把你的坟墓许诺给你，如果你再这样胡思乱想……,,1457026380,1
34504,你看到她是如何挑逗我的了吗，<CHARNAME>？我为她入迷而难以自拔，还不是理所当然的事情吗？,,1457026380,1
34505,你看到她是如何挑逗我的了吗，<CHARNAME>？我为她入迷而难以自拔，还不是理所当然的事情吗？给我和我的朋友上酒来，亲爱的。喏，这才是我的好女孩。,,1457026380,1
34506,老天爷啊……,,1457026380,1
34507,但你来这儿肯定不只是看看情况。有什么我能为你做的？,,1457026380,1
34508,我需要你的帮助，盖里克。,,1457026380,1
34509,我需要你说服我别干一件蠢事。我准备在几个小时之内离开博德之门，朝北边去。,,1457026380,1
34510,我很快就要离开博德之门朝北面走。和我一起走吧。,,1457026380,1
34511,说实话，我就是来看看情况的。现在我也看得差不多了，该说再见了。,,1457026380,1
34512,真的……？好吧，我想你也确实是个大忙人。再见啦，<CHARNAME>。直到重逢之时……,,1457026380,1
34513,再见啦，<CHARNAME>。直到重逢之时……,,1457026380,1
34514,你要朝北走？为什么？,,1457026380,1
34515,哦……你真是选了个最不适合出行的时候，我的朋友。你肯定听说过凯拉的所谓“十字军”吧。,,1457026380,1
34516,我们还没见过面，但我已经足够了解这个凯拉了。她的手下试图杀了我。,,1457026380,1
34517,我听说过，但了解还算不上。有一群戴着凯拉标志的刺客想杀了我——而且还是在杜卡大公府上动的手。,,1457026380,1
34518,我确实听说过——我决定亲眼看看他们，然后亲手结果他们。你会帮助我吗？,,1457026380,1
34519,她试图刺杀博德之门的英雄？真大胆啊，但太过冒险。他们的失败会把你拉进矛盾中心……,,1457026380,1
34520,看上去她认为值得冒这个险。,,1457026380,1
34521,确实如此，现在仅剩的问题是，你是否准备和我一同出发。,,1457026380,1
34522,但他们若成功，便可确保将我排除在外。不论她有何种理由，她要为她的所作所为付出代价。,,1457026380,1
34523,也许你可以亲自问她，但我恐怕无法与你同行。我即将打破阿莱丝那不近人情的假面，绝不能现在离开。我祝你一路顺风，<CHARNAME>，愿你在北方寻得财富。,,1457026380,1
34524,我恐怕无法与你同行。,,1457026380,1
34525,我即将打破阿莱丝那不近人情的假面。,,1457026380,1
34526,你确定那只是个假面？,,1457026380,1
34527,那诗人不会跟你走啦，<CHARNAME>。咱们动身吧。,,1457026380,1
34528,愿你在北方寻得财富，<CHARNAME>，我期待听到你冒险的故事。,,1457026380,1
34529,来，拿着这把剑。这是个来自爱慕者……呃，曾经的爱慕者的礼物。我相信短时间内你能比我更好地利用它。祝你在北方寻得财富。,,1457026380,1
34530,我确信她将付出代价，但你的讨债之旅恕我无法同行。我即将打破阿莱丝那不近人情的假面，绝不能现在离开。我祝你一路顺风，<CHARNAME>，愿你在北方寻得财富。,,1457026380,1
34531,我很抱歉，<CHARNAME>。你若是两周前问我，所得的答案会与现在大相径庭。,,1457026380,1
34532,我现在不能离开精灵之歌。我即将打破阿莱丝那不近人情的假面，绝不能现在离开。但我祝你一路顺风，愿你在北方寻得财富。,,1457026380,1
34534,一个金币。想从著名歌手、山谷之风的行吟诗人盖里克那里听到一段史诗传奇吗，只需付出一个金币。,,1457026380,1
34535,我口干舌燥。艾莉，帮我倒点饮料吧。,,1457026380,1
34536,自己倒去，你个叽叽喳喳的废物。,,1457026380,1
34537,请坐吧，让我给你讲个故事。我想为你演奏一首乐曲，但那曲调被称作精灵之歌是有原因的。,,1457026380,1
34538,穿过大厅，到对翼正中间、和这里相对的房间去。或者顺着叫骂声找过去吧。两种方式都能让你找到那个疯子。我在这里等你。,,1457026380,1
34539,和你的朋友聊过了？,,1457026380,1
34540,要这么说也行。,,1457026380,1
34541,说是“聊过” 不如说是“被吼了一顿”。我也没觉得他是个朋友。不过除去这些，算是吧。,,1457026380,1
34542,嗯，但我想在这儿多呆一会儿，如果可以的话。,,1457026380,1
34543,还没。,,1457026380,1
34544,我没打算问。我都不用问。我在这儿就能听见。该去哪了？,,1457026380,1
34545,三个老酒桶。,,1457026380,1
34546,精灵之歌酒馆。我想去喝一杯。,,1457026380,1
34547,铁王座大楼吧，我想。,,1457026380,1
34548,回杜卡公爵府。准确地说，回公爵府里我的那张床上。,,1457026380,1
34549,你真是个奇人，<CHARNAME>。但随你高兴吧，准备走了就来找我。,,1457026380,1
34550,咱们走吧。,,1457026380,1
34551,咱们走吧。,,1457026380,1
34552,咱们走吧。,,1457026380,1
34553,咱们走吧。,,1457026380,1
34554,你这是在等什么呢？有话快说，<PRO_MANWOMAN>。,,1457026380,1
34555,是啊，大部分我都听见了。好吧，现在该去哪了？,,1457026380,1
34556,诅咒你，杰维斯！你知不知道你今天的懦弱让我们付出了多少代价？,BD34556,1465490679,1
34557,精灵之歌酒馆。我突然想喝一杯了。,,1457026380,1
34558,铁王座大楼吧，我想。,,1457026380,1
34559,大公府上，回去睡觉。,,1457026380,1
34560,真是个令人愉快的家伙。现在去哪里？,,1457026380,1
34561,也许拉萨德能让我运气好点。我很难做得更糟了。,,1457026380,1
34562,提亚克斯的喊叫让我双耳嗡鸣作响。让咱们看看盖里克能不能缓解这种痛苦。,,1457026380,1
34563,我还没和疯子聊够。明斯克在哪？,,1457026380,1
34564,莎法娜和科朗在哪来着？,,1457026380,1
34565,我想看看爱蒙怎么样了。,,1457026380,1
34566,大公府上。我需要休息。,,1457026380,1
34567,那位僧侣在城市边缘的难民营救助他们。我带你过去。,,1457026380,1
34568,那就去精灵之歌。走吧。,,1457026380,1
34569,我们的情报显示，他在三个老酒桶住宿，守卫着他的巫师戴那黑。咱们走吧。,,1457026380,1
34570,那就回公馆。走吧。,,1457026380,1
34571,好主意。咱们有不短的路要走。,,1457026380,1
34572,咱们去精灵之歌。,,1457026380,1
34573,铁王座大楼和你上次来这里时所见的不同了，对吧？议会在这里收容了许多逃离十字军的难民。,BD34573,1465490679,1
34574,你要做的事情做完了？,,1457026380,1
34575,很不幸，没有。拉萨德不愿加入。他还有……别的事情要惦记。,,1457026380,1
34576,为了所行之善。,,1457026380,1
34577,对，但请稍等一会，我想看看这地方。,,1457026380,1
34578,不，还没有。,,1457026380,1
34579,有些事情能按你预想中的发展，有些事情不能。现在去哪里？,,1457026380,1
34580,三个老酒桶。也许明斯克和戴那黑能帮得上忙。,,1457026380,1
34581,咱们去精灵之歌看看吧。,,1457026380,1
34582,去焰拳牢房吧，圣人不愿帮忙，该找怪人试试。,,1457026380,1
34583,回杜卡公爵府。准确地说，回公爵府里我的那张床上。,,1457026380,1
34584,这肯定是个让你充满回忆的地方。不必匆忙，有事的话你知道该去哪找我。,,1457026380,1
34585,咱们走吧。,,1457026380,1
34586,嘿，不用着急，又不是说几个小时后咱们就要组织军队开拔之类的。,,1457026380,1
34587,这是……？我所看到的当真是你吗？,BD34587,1465490679,1
34588,好久不见，拉萨德，很高兴再见到你。,,1457026380,1
34589,你的眼睛并无差错，朋友。这就是我，世间唯一的，有血有肉的，那名字从烛堡传唱至深水城的：<CHARNAME>！,,1457026380,1
34590,没错。,,1457026380,1
34591,不，拉萨德，你的双眼并未欺骗你——虽说你或许很快就会希望我只是个幻象。,,1457026380,1
34592,这样才对！我几周没见到如此的风趣了。你近来可好，我的朋友？,BD34592,1465490680,1
34593,还好。你呢？,,1457026380,1
34594,比我所希望的更加忙碌。,,1457026380,1
34595,活着。这年头能这么说就不容易了。,,1457026380,1
34596,我一直都好，直到几小时前。凯拉·阿尔吉特手下的刺客试图在杜卡公爵府上攻击了我和爱蒙。,,1457026380,1
34597,这听上去是个悲伤的宣言。什么使你烦恼，我的朋友？,BD34597,1465490680,1
34598,凯拉·阿尔吉特的手下试图刺杀我——当我住在杜卡大公府上的时候。,,1457026380,1
34599,几个小时前想杀了我和爱蒙的一群刺客。虽说现在他们已经不再能使我烦恼了。,,1457026380,1
34600,我即将出发北行，时间紧迫而我需要可信赖的人与我同行。我需要你。,,1457026380,1
34601,啊，也就是说你不仅是来探访的了。我想你是准备亲自与凯拉交锋。,BD34601,1465490680,1
34602,你知道这世上没有几件事情是我不能为你做的，我的朋友。但这一次我帮不了你。,BD34602,1465490680,1
34603,爱蒙还好吗？,BD34603,1465490680,1
34604,能保住性命。但我要让凯拉连这一点都做不到。,,1457026380,1
34605,那么你是要和光芒女士作战了？,BD34605,1465490680,1
34606,我真希望我能与你同行，但我恐怕做不到这一点。,BD34606,1465490680,1
34607,你呢，我的朋友？你近来可好？,BD34607,1465490680,1
34608,还好。你呢？,,1457026380,1
34609,我今天早上险些被杀。但我还活着，所以综合看来我想我还算挺好。,,1457026380,1
34610,我还活着。说到底只有这个是最重要的。,,1457026380,1
34611,不论这是好是坏，我们生活在一个惊险的年代。,BD34611,1465490680,1
34612,能见到你真好，朋友。你近来可好？,,1457026380,1
34613,还好。你呢？,,1457026380,1
34614,直到今早之前都还好。,,1457026380,1
34615,活着。这年头能这么说就不容易了。,,1457026380,1
34616,这听上去是个悲伤的宣言。但并不难以理解。,BD34616,1465490681,1
34617,今早发生了什么？,,1457026380,1
34618,我遭到袭击。,,1457026380,1
34619,早饭吃到一个烂无花果。而且还有刺客想杀我。,,1457026380,1
34620,几个杀手闯进杜卡公爵府上，想要刺杀我。他们险些就杀了爱蒙。,,1457026380,1
34621,爱蒙？,,1457026380,1
34622,无花果烂了是挺恶心——等等，你说什么？,,1457026380,1
34623,我想你该听说过凯拉的十字军吧。,,1457026380,1
34624,我今早差点被杀。,,1457026380,1
34625,凯拉的手下闯进杜卡公爵府上。他们想杀掉我和爱蒙。差点就成功了。,,1457026380,1
34626,令人伤心，但这是事实。,,1457026380,1
34627,日子过得不顺。,,1457026380,1
34628,每日的第一餐饭十分重要。它奠定了一天的基调——等等。你刚才说有人想杀你？,BD34628,1465490681,1
34629,我依旧在为我的兄弟哀悼。有些日子比其余的更好。,BD34629,1465490681,1
34630,我能理解失去家人的痛苦。几小时前我险些失去我最为亲密的朋友。,,1457026380,1
34631,能安稳吃顿早饭、不必遭人刺杀的日子就是好日子。至少话是这么说的。,,1457026380,1
34632,我有件事情，或许能让你的注意力从悲痛中转移片刻。前往北方的一场宏大的冒险。,,1457026380,1
34633,这消息够劲爆。,,1457026380,1
34634,你说差点被杀？,BD34634,1465490681,1
34635,发生了什么？,BD34635,1465490681,1
34636,这么说，你对凯拉的十字军有所了解？,,1457026380,1
34637,光芒女士凯拉。或者至少是戴着她徽记的刺客。,,1457026380,1
34638,听命于凯拉的三个刺客闯进杜卡公爵府上，想杀了我和爱蒙。,,1457026380,1
34639,确实如此。这座楼里全都是这事的受害者。,BD34639,1465490681,1
34640,我和他们一样受她的恶行影响。她的刺客早先想杀我，差一点就成功了。,,1457026380,1
34641,她总没派一群杀手要取这些人性命吧？她对我就是这么干的。,,1457026380,1
34642,这些人或许逃离了他们的麻烦。我可打算直面我的。就在今早，凯拉试图杀掉我。,,1457026380,1
34643,你说凯拉要杀你？,,1457026380,1
34644,戴着她徽记的刺客要杀我。,,1457026380,1
34645,不是她亲自动手，但没错。六个她的手下朝我的性命出手了。,,1457026380,1
34646,她遣人来杀我。她会后悔的。,,1457026380,1
34647,她想要你死？,,1457026380,1
34648,你说凯拉想杀你？为什么？,BD34648,1465490681,1
34649,我盼着你能帮我一起查个明白。,,1457026380,1
34650,比起关心她的理由，我更想保证这事不再发生。,,1457026380,1
34651,理由不重要。重要的是她为这恶行付出代价。,,1457026380,1
34652,你走在黑暗的道路上，<CHARNAME>。若你放任，复仇之心将把你吞噬。相信我，我理解。,BD34652,1465490681,1
34653,这就是为什么我希望你能陪同。你能使我不至过深地陷入黑暗。,,1457026380,1
34654,阿洛葛斯尚未受罚。,,1457026380,1
34655,你想为你的兄弟复仇，而我只求自保。完全不同的两件事。,,1457026380,1
34656,那很好。但我不理解。,BD34656,1465490681,1
34657,这么想能让你心里好过一点吧。,BD34657,1465490682,1
34658,爱蒙？她能否保住性命？,BD34658,1465490682,1
34659,幸运的是，可以。,,1457026380,1
34660,哦没问题。我确信不久之后她就能像以前一样活蹦乱跳地把我烦个半死啦。,,1457026380,1
34661,她活着。,,1457026380,1
34662,谁会做这种事呢？,BD34662,1465490682,1
34663,光芒女士。凯拉·阿尔吉特。,,1457026380,1
34664,就是把你的庇护所塞满流民的那个女人。,,1457026380,1
34665,凯拉·阿尔吉特。我很快就要跟随一支焰拳的队伍出发向北，,,1457026380,1
34666,你说想要杀死你的人是凯拉？,,1457026380,1
34667,慢点，<CHARNAME>。,BD34667,1465490682,1
34668,凯拉？,BD34668,1465490682,1
34669,你知道这世上没有几件事情是我不能为你做的，我的朋友。但这一次我帮不了你。,BD34669,1465490682,1
34670,虽说大部分人都关注凯拉的十字军，但另有一种更为潜在的黑暗正在蔓延。在过去的几星期里，许多苏伦的信徒离奇失踪。,BD34670,1465490682,1
34671,即使我可以将这些难民丢给命运，我也不能抛弃我的兄弟姐妹。现在不行。,,1457026380,1
34672,原谅我，<CHARNAME>。,BD34672,1465490682,1
34673,你不必寻求原谅，我的朋友。苏伦需要你。我能照顾好自己。,,1457026380,1
34674,我会思念你的陪伴，拉萨德。再见，祝安好。希望我们未来能再次相见。,,1457026380,1
34675,好吧，你就在百姓、羔羊与对你兄弟的怀念之间消磨时光吧。我自己去解决光芒女士，不需要你或者任何人帮忙。,,1457026380,1
34676,我也一样。,BD34676,1465490682,1
34677,愿月亮女士为你的努力展颜微笑，<CHARNAME>。,BD34677,1465490683,1
34678,阿洛葛斯会为他的罪行付出代价……终有一日。,BD34678,1465490683,1
34679,我希望你是对的，我的朋友。在你肩上的是一副重担。,,1457026380,1
34680,而凯拉会为她所尝试的付出代价。很快。,,1457026380,1
34681,那一天恐怕不会很近，如果你在这里浪费时间照料这些可悲的家伙。,,1457026380,1
34682,我希望我能伸出援手，<CHARNAME>。但我无法这样做。,BD34682,1465490683,1
34683,这些人们急需帮助。为他们带来光明是我们的责任。,BD34683,1465490683,1
34684,这是高尚的努力。但你若随我同行、了结凯拉与她的十字军，你能将更多人从痛苦中解脱出来。,,1457026380,1
34685,复仇能为我带来光明。来帮我吧。,,1457026380,1
34686,你在这里是浪费你的天赋，拉萨德。,,1457026380,1
34687,我希望我能帮助你，<CHARNAME>。你知道这世上没有几件事是我不能为你做的。但这次我帮不了你。,BD34687,1465490683,1
34688,现在怎么办？,,1457026380,1
34689,我要去和提亚克斯谈谈。即使聊不出结果，至少能让我开怀大笑一场。,,1457026380,1
34690,三个老酒桶。也许我去说服明斯克和戴那黑能有好点的结果。,,1457026380,1
34691,精灵之歌酒馆。我急需借酒浇愁。,,1457026380,1
34692,回杜卡公爵府。我想看看爱蒙怎么样了。,,1457026380,1
34693,能喝酒的地方。,,1457026380,1
34694,我需要休息。,,1457026380,1
34695,我认识那地方。咱们走吧。,,1457026380,1
34696,那就回杜卡公爵府上。咱们走吧。,,1457026380,1
34697,这说不定……有点意义。走吧。,,1457026380,1
34698,我听上去觉得不错。也许咱们可以在那喝一杯。我快渴死了。走吧。,,1457026380,1
34699,如你所愿。咱们走吧。,,1457026380,1
34700,芬斯特说她需要休息，但我不反对回公馆。走吧。,,1457026380,1
34701,完事了？只要你准备好，咱们就可出发，,BD34701,1465490683,1
34702,我想是的。,,1457026380,1
34703,我和那两人完事了。但我想喝一杯。你呢？,,1457026380,1
34704,我刚遭遇一次刺杀，现在又站在一间酒吧里，见鬼，我当然还没完事。,,1457026380,1
34705,接下来去哪？,,1457026380,1
34706,精灵之歌酒馆吧，我想。,,1457026380,1
34707,牢房。我想见见提亚克斯。,,1457026380,1
34708,铁王座大楼。拉萨德或许愿意帮我。,,1457026380,1
34709,回杜卡公爵府上。,,1457026380,1
34710,我想喝一杯。你呢？,,1457026380,1
34711,我跟你出去。,,1457026380,1
34712,我……好啊。为什么不？,,1457026380,1
34713,那就不是个问题。就我所知，我跟你说话越少越好。你准备离开的时候我会跟出去。,,1457026380,1
34714,到时你知道该到哪里找我。,,1457026380,1
34715,怎么了，小布？我从没见过你这么——,BD34715,1465490683,1
34716,啊？这会是真的吗？我所看到的莫不是<CHARNAME>，博德之门的英雄？,BD34716,1465490683,1
34717,正是我，明斯克。好久不见了。,,1457026380,1
34718,我不想猜测你究竟所见为何，明斯克，但你所说的没错，我在这里。而且我需要你的帮助。,,1457026380,1
34719,明斯克。我需要你。,,1457026380,1
34720,和小布？,BD34720,1465490683,1
34721,当然。,,1457026380,1
34722,和小布。,,1457026380,1
34723,看来是不可避免了。,,1457026380,1
34724,为了你，我和小布至少能从这里走到七层地狱再回来，<CHARNAME>。也许能走到九狱底层呢，但你知道，小布会说：“明斯克！现实一点！”,BD34724,1465490684,1
34725,但我们不能让我们的朋友戴那黑无人保护。,BD34725,1465490684,1
34726,这么说来，她也在这里？太好了，我想和她讲话。,,1457026380,1
34727,我不会让你丢下她的。我盼着她能和咱们同来。,,1457026380,1
34728,戴那黑能照顾好自己。但如果没有她你就不肯加入的话，我想我还是和她谈谈吧。,,1457026380,1
34729,那就像那些以为小布没在注意时的猫儿一样，跟我来吧！,BD34729,1465490684,1
34730,小布那巨大而紧皱的心脏因和你重见而颤抖着呢，<CHARNAME>，我的也是一样。,BD34730,1465490684,1
34731,你怎么样？,BD34731,1465490684,1
34732,比昨天糟。我要向北方旅行，希望小布——当然还有你——能加入我。,,1457026380,1
34733,我很好，直到今早为止。现在我要出一趟远门。我希望你能和我一起来。,,1457026380,1
34734,好。我只是有点……忘了你是什么样子了。我要走了。,,1457026380,1
34735,嗯？怎么了，小布？,BD34735,1465490684,1
34736,我知道了，我知道了。,BD34736,1465490684,1
34737,你和小布一样富有智慧。小布年轻的时候，我是说。若是现在的小布，可就没什么人的智慧能和他相比啦，你是理解的。,BD34737,1465490684,1
34738,来，我带你去找戴那黑。,BD34738,1465490684,1
34739,*那*才是我记忆中的热情。你一点也没变，<CHARNAME>。,BD34739,1465490685,1
34740,好吧，也许变了一点。,BD34740,1465490685,1
34741,一点点。,BD34741,1465490685,1
34742,真高兴再次见到你，<CHARNAME>。我想咱们的重逢不会遥远。直到那时，祝安好！,BD34742,1465490685,1
34743,戴那黑。有人想和你讲话。,BD34743,1465490685,1
34744,汝当下所求何物，明斯克？吾——,,1457026380,1
34745,我要告诉你多少次才够，明斯克，我不想和小布辩论有关——<CHARNAME>？万事可安好？汝为何在此？,BD34745,1465490685,1
34746,我需要你的帮助，戴那黑。,,1457026380,1
34747,好久没听到过有人能把通用语讲得这么乱七八糟了。真怀念。,,1457026380,1
34748,下个清晨，我就要北上前往龙刃堡。我希望你能和我同行。,,1457026380,1
34749,汝可将直面光芒女士？,BD34749,1465490685,1
34750,她想杀我。差点杀了一个对我来说很重要的人。我不能容忍这种事情。,,1457026380,1
34751,这件事上我别无选择。就在今早，她遣人来刺杀我。,,1457026380,1
34752,我要对她做的远比那更多，这样才能让我称心如意。,,1457026380,1
34753,我知道这个女人。有些人相信她是神灵的女儿——甚至可能是巴尔的后裔……有理由进一步调查此人，这也是我留在此处的原因。,BD34753,1465490685,1
34754,吾可接受汝之请求。明斯克与吾将与你同行向北。,BD34754,1465490685,1
34755,还有小布。,BD34755,1465490685,1
34756,当然。汝之仓鼠指引吾等。,BD34756,1465490686,1
34757,做好准备，小布！咱们即将踏上另一段史诗般的旅途！,BD56962,1465490686,1
34758,你确定你只想要这游侠和你同去，<CHARNAME>……？,,1457026380,1
34759,只是问问……,,1457026380,1
34760,咱们在哪里见面？,,1457026380,1
34761,今天黎明时我们会在杜卡公爵府集合。,,1457026380,1
34762,那时吾等将与汝会面。祝顺风。,,1457026380,1
34763,吾不知汝所言何物。吾所言之通用文其声自琅琅尔。,BD34763,1465490686,1
34764,我只是想说你组织语言的方式十分独特，而不是说它令人厌烦。绝对不是。,,1457026380,1
34766,很快我将北上前往龙刃堡。我希望你能和我同来。,,1457026380,1
34767,汝于我所求何物？,BD34767,1465490686,1
34768,你的陪伴。我很快就要出发、踏上向北的旅途，希望你能和我同来。,,1457026380,1
34769,我需要帮助。我是说，我都去找明斯克搭话了，*明显*我需要帮助。但除此之外，我需要一个能让我信任的人，和我一同踏上向北的旅途、前往龙刃堡。,,1457026380,1
34770,现在我不知道了。原谅我的打搅，戴那黑。我现在就离开，不再打搅你和明斯克。,,1457026380,1
34771,旅途？,,1457026380,1
34772,下个黎明，我将随同焰拳向北出发。,,1457026380,1
34773,凯拉，那个光芒女士，试图杀死我和爱蒙。我不能容忍此事。,,1457026380,1
34774,光芒女士凯拉……,,1457026380,1
34775,你！过来！提亚克斯命令你！,,1457026380,1
34776,好久不见啊，提亚克斯。你这个<DAYNIGHTALL>过得如何？,,1457026380,1
34777,哦，好吧，既然你*这样*，那我就要走了。,,1457026380,1
34778,没人能命令我。,,1457026380,1
34779,提亚克斯命令所有人！*所有人*！！,,1457026380,1
34780,如您所言，大人。,,1457026380,1
34781,好吧，你命令我。,,1457026380,1
34782,没人能命令我。,,1457026380,1
34783,跟你没法交流。,,1457026380,1
34784,这样就好多了。在这个<DAYNIGHTALL>，你尊贵的大人有什么能为你做的吗，农夫？,,1457026380,1
34785,我需要你的帮助，提亚克斯。,,1457026380,1
34786,你知道吗？我现在改变主意了，我不需要你的帮助。,,1457026380,1
34787,北边有个人要杀。她叫凯拉·阿尔吉特。也有人叫她光芒女士。,,1457026380,1
34788,你需要伟大万能的提亚克斯的帮助吗？哈！发笑吧！哈！哈！再哈一次！,,1457026380,1
34789,所以你不准备帮我了？,,1457026380,1
34790,你知道我喜欢你哪一点吗，提亚克斯？你的幽默感。你会帮我吗？,,1457026380,1
34791,你真是疯了。,,1457026380,1
34792,你说提亚克斯是个疯子？*疯子*？,,1457026380,1
34793,帮你？,,1457026380,1
34794,提亚克斯过得如何？这是对万物之主讲话的方式吗？,,1457026380,1
34795,我绝无意冒犯伟大的万物之主。,,1457026380,1
34796,万物之主？你？,,1457026380,1
34797,我的时间是很宝贵的，疯子。我就不在你身上浪费时间了。,,1457026380,1
34798,我不会在这疯子身上浪费时间了。咱们走吧，布拉格。,,1457026380,1
34799,明智的选择。当提亚克斯收取他所应得之物时，或许你将得到赦免。退下吧。,,1457026380,1
34800,在此之前，我有件事要向你请求。,,1457026380,1
34801,对，我想这样最好。,,1457026380,1
34802,啊——哈！我们*终于*讲到终点了。你有求于提亚克斯，对吧？,,1457026380,1
34803,啊——哈！<PRO_HESHE>*终于*说到重点了。你有求于提亚克斯！说吧，是什么事？我这位*伟大的希瑞克*的谦卑信徒有什么能为你做的？,,1457026380,1
34804,我想请你和我一同北行。,,1457026380,1
34805,你自称谦卑？,,1457026380,1
34806,帮我杀一个叫凯拉的女人。,,1457026380,1
34807,没有人比提亚克斯更为谦卑！希瑞克如是所说！,,1457026380,1
34808,如果你这么说。我希望你能和我一同出发北行。,,1457026380,1
34809,我就相信你所说的。出于好奇我想问，希瑞克对光芒女士凯拉·阿尔吉特有何看法？,,1457026380,1
34810,好吧，没什么可说的了。,,1457026380,1
34811,你要去的是北方，对吗？那么你又因为什么原因要去那里呢，嗯？嗯？嗯，嗯，嗯？,,1457026380,1
34812,有个叫凯拉的女人在那里横生事端。得有人去解决她。,,1457026380,1
34813,你在这牢房里可能没注意到，但现在整座城都挤满了人。,,1457026380,1
34814,我要杀个女人。光芒女士，凯拉·阿尔吉特。,,1457026380,1
34815,你的理智魂飞天外了吗，<CHARNAME>？这才不是什么牢房！,,1457026380,1
34816,凯拉，你是说？提亚克斯听说过这个名字，许多次。他的殿堂里回想着这个名号，凯拉……凯拉……*凯拉*！,,1457026380,1
34817,那声音都说些什么？,,1457026380,1
34818,我想你所谓的“殿堂”是指“牢房”吧。,,1457026380,1
34819,帮我杀了凯拉。咱们一起掐灭那些嘈杂的声音。,,1457026380,1
34820,那是殿堂！希瑞克如是所说！,,1457026380,1
34821,我不觉得祂说过……,,1457026380,1
34822,彼之殿堂吾之牢房。我可以把你从这里放出来，如果你答应帮我解决这个凯拉。,,1457026380,1
34823,好吧。殿堂就殿堂。我才不管。你到底帮不帮我？,,1457026380,1
34824,提亚克斯知晓光辉之人。光辉是个奇怪的词，不是吗？光辉。光——辉。光——辉——,,1457026380,1
34825,集中注意力，提亚克斯。你到底帮不帮我解决凯拉？,,1457026380,1
34826,你知道吗？这词确实有点奇怪，“光辉”。但是这件事儿，委婉点说，跑题了。,,1457026380,1
34827,你对我毫无用处，疯子。,,1457026380,1
34828,什么？你要让提亚克斯离开他的殿堂？,,1457026380,1
34829,我想让你和我一起去北边。,,1457026380,1
34830,你说你的牢房？,,1457026380,1
34831,不。仔细想想，还是不了。,,1457026380,1
34832,你知道那声音说什么？它们说我是提亚克斯！这个世界、以及每个世界的主宰！,,1457026380,1
34833,我是提亚克斯！提亚克斯统治他所见的一切！希瑞克如是所述！,,1457026380,1
34834,我不觉得祂说过。,,1457026380,1
34835,好在你所见的也就只有这间牢房。,,1457026380,1
34836,那就向我证明此事。和我一起去杀了凯拉。,,1457026380,1
34837,提亚克斯统治一切！希瑞克如是所说！,,1457026380,1
34838,我真是在浪费时间。,,1457026380,1
34839,好吧，好吧。你统治一切。,,1457026380,1
34840,我是巴尔的<PRO_SONDAUGHTER>，希瑞克的爱顾者。我不会为你动摇。,,1457026380,1
34841,他们说我是疯子。他们*都*说我是疯子。提亚克斯会让他们知道。提亚克斯会让他们都看到……,,1457026380,1
34842,哈！我的神斩杀了你的神，傻瓜！在此之后，如祂所述，提亚克斯统治一切！,,1457026380,1
34843,祂不是我的神。祂是我的父亲。,,1457026380,1
34844,你比你的神还要更疯一点，这个你知道吧？,,1457026380,1
34845,我该让你横尸此地，你这个肮脏的废物。,,1457026380,1
34846,那有什么关系！祂死在希瑞克手上！哈哈哈！,,1457026380,1
34847,那么，你从统治地上的国、也统治海里与天上的国的提亚克斯这里所求为何，巴尔的后裔？,,1457026380,1
34848,我想让你和我一起去北边。,,1457026380,1
34849,我希望他离我越远越好。,,1457026380,1
34850,我想让你帮我找到并解决光芒女士凯拉。,,1457026380,1
34851,提亚克斯不会死！不会被你杀死！他的性命属于希瑞克。,,1457026380,1
34852,一条性命对谋杀之主来说不值一提。,,1457026380,1
34853,那就属于希瑞克吧。咱们离开这儿。,,1457026380,1
34854,如果我有时间，我会让你祈求你那废物神灵让你去死。今天算你走运，疯子。,,1457026380,1
34855,你对希瑞克和祂的行事一无所知。也许提亚克斯会如你所说，帮你除掉光芒女士，以唯一真神谋杀之主的名义……,,1457026380,1
34856,没戏！希瑞克已经给提亚克斯以预示！你就去自取灭亡吧，巴尔之子！提亚克斯不会和你同行。他会安全地留在他的殿堂里。希瑞克如是所述！,,1457026380,1
34857,你确定？,,1457026380,1
34858,我或许能让你回心转意，但那前提是我还能相信你是个神志清醒的人。,,1457026380,1
34859,你和你的神一样没用。,,1457026380,1
34860,提亚克斯无话可说！走吧！,,1457026380,1
34861,*畏惧暗日吧！！*,,1457026380,1
34862,你注意到这一点了？,,1457026380,1
34863,真是该到时候了。,,1457026380,1
34864,他要是不闭嘴，狱卒会去照顾他的。咱们走吧。,,1457026380,1
34865,这时间耗费得真有意义。咱们走吧。,,1457026380,1
34866,需要点啥？,,1457026380,1
34867,酒。,,1457026380,1
34868,就来。,,1457026380,1
34869,不错。,,1457026380,1
34870,出去！出去，你这奸邪、下流的毒蛇！,,1457026380,1
34871,莎法娜，我亲爱的，请*别*这样——,,1457026380,1
34872,我为我首次听闻你那卑劣姓名的一日而懊悔，你这黄鼠狼！,,1457026380,1
34873,我即是毒蛇，*又是*黄鼠狼？这没道理嘛。,,1457026380,1
34874,看清楚，我有把匕首。你觉得我不会动刀子吗？走！滚出去！*给我滚出去！！*,,1457026380,1
34875,在我改变心意决定把你剁碎喂狗之前！滚蛋！,,1457026380,1
34876,但是——,,1457026380,1
34877,给我！滚！出！去！,,1457026380,1
34878,呃，你好啊，这个<DAYNIGHTALL>你过的如何，美丽的女士？,,1457026380,1
34879,你是不认识我了吗，科朗？,,1457026380,1
34880,还行，但不是最好。你对未来几周有何安排？,,1457026380,1
34881,走吧，精灵。离我远点。,,1457026380,1
34882,比你过得要好，如果你不能闭上嘴少管闲事。,,1457026380,1
34883,我认识你吗？,,1457026380,1
34884,你不认识我了吗，科朗？,,1457026380,1
34885,不。也许咱们就这样互不相识对彼此都好。,,1457026380,1
34886,呃……不。我觉得我不认识你。,,1457026380,1
34887,这又是怎么回事？我的眼睛在欺骗我吗？站在我面前的难道是<CHARNAME>本人吗？,,1457026380,1
34888,没错。真高兴我遇到了你。我需要你的帮助。,,1457026380,1
34889,如果我不是，那一定是有什么人把事情弄错了。科朗，你近来可好？,,1457026380,1
34890,呃……不。我只是和<PRO_HIMHER>长得有点像。,,1457026380,1
34891,见你一面就让我感觉更好些啦。但我现在得走了——如果莎法娜看到我在这里呆着，她会把要从我身上卸点零件的威胁付诸实施的。某些*关键*零件，懂我意思吧。很抱歉，但我确实得走了。,,1457026380,1
34892,某些我可不想丢掉的*关键*零件，懂我意思吧。,,1457026380,1
34893,来，拿着这块宝石。我，啊嗯，是从一位可爱的精灵少女那里得到它的——一位可爱的、十分文静的精灵少女。莎法娜，当然了，气炸了。我真不该收下这该死的玩意儿，但拒绝这样的礼物也是不礼貌的，不是吗？总之。拿着吧。小心点。希望我们的下次见面不会是太久之后，也希望那时能有更好的气氛。,,1457026380,1
34894,真的？这还真是惊人的相似……但我见过更奇怪的事。好吧，如果你不介意，我要离开了。祝你有个愉快的<DAYNIGHTALL>。,,1457026380,1
34895,我们是一心同体的吗，我的姐妹？分割在两具身体中的、由那谋杀之主所生的同一个灵魂？,BD34895,1465490686,1
34896,我不想和你争吵，朋友。祝你有个愉快的<DAYNIGHTALL>。,,1457026380,1
34897,接下来几周？我一般不怎么思考超过几小时后的事。恐怕我帮不了你，朋友。不，别，不要尝试了，我心意已决。不会为泪水而动摇。嘿——没关系啦，我相信你总能想出办法，没有我你也能把事情解决的。,,1457026380,1
34898,也祝你有个愉快的<DAYNIGHTALL>，亲爱的女士。,,1457026380,1
34899,真的？你和我见过的某人简直惊人地相似……算了。我祝你有个愉快的<DAYNIGHTALL>，陌生人——至少希望你过得比我好。再见。,,1457026380,1
34900,噢没错，博德之门的大公们，那些无可指摘的、光荣和真理的源泉们。（他还说十字军是傻瓜！）,BD34900,1465490686,1
34901,你下九层地狱去吧，科朗，我发誓我要——哦，你好啊。,BD34901,1465490686,1
34902,你好。你这个<DAYNIGHTALL>过得如何，莎法娜？,,1457026380,1
34903,嗨，莎法娜，好久没见。你看上去不错。,,1457026380,1
34904,你可享受这个美丽的<DAYNIGHTALL>，我的女士？,,1457026380,1
34905,目前为止，实在算不上愉快，但见到你就让我的心情好了不少。快来，<CHARNAME>，进来坐下。,BD34905,1465490686,1
34906,什么让你在这个<DAYNIGHTALL>敲响我的房门？,BD34906,1465490686,1
34907,我需要你的帮助。这个清晨，我就要加入焰拳的篷车队，向北面去和凯拉的十字军交锋。我们需要像你这样有能力的女子。,,1457026380,1
34908,想见你一面，这理由不够吗？,,1457026380,1
34909,今天凌晨有一群刺客闯进杜卡公爵府上，想要夺我性命。是凯拉遣他们来的。,,1457026380,1
34910,没什么大事。而且这个<DAYNIGHTALL>我还有些别的地方要去。再见，莎法娜。,,1457026380,1
34911,“我们”？还是“你”？,BD34911,1465490687,1
34912,我。我希望你能和我们同来。,,1457026380,1
34913,哪个答案能让你点头？,,1457026380,1
34914,我们。,,1457026380,1
34915,你让我伤心了，<CHARNAME>。但我从来都没法拒绝你。不过话说回来，我都难以想象你能提出什么让我想要拒绝的请求……,BD34915,1465490687,1
34916,我从来都没法拒绝你，<CHARNAME>。不过话说回来，我都难以想象你能提出什么让我想要拒绝的请求……,BD34916,1465490687,1
34917,不过话说回来，我都难以想象你能提出什么让我想要拒绝的请求……,,1457026380,1
34918,天一亮我们就从杜卡公爵府出发。,,1457026380,1
34919,别迟到。,,1457026380,1
34920,你知道我向来敬佩你哪一点吗，<CHARNAME>？那就是你敏锐的洞察力。行了，别傻站着，进来吧。,BD34920,1465490687,1
34921,省省吧，<CHARNAME>。我在那双面精灵身上浪费了足足一个月，恭维对我没用。你到底想要什么？,BD34921,1465490687,1
34922,我需要你的帮助，莎法娜。早上，焰拳远征军就要出发，到北方去和凯拉的十字军交锋。我会和他们同去。我希望你能加入。我们需要像你这样有能力的女子。,,1457026380,1
34923,你真是感官敏锐。没错，我来此是有终极动机的。不止一个动机。但最重要的是我需要你的帮助。,,1457026380,1
34924,和我一起去北边。我要去面对光芒女士，凯拉·阿尔吉特。,,1457026380,1
34925,看见你就能让我心情好转啦。你叫什么名字，帅哥？,BD34925,1465490687,1
34926,让我做个自我介绍。我是<CHARNAME>。,,1457026380,1
34927,咱们有那么久没见面吗？莎法娜，你不记得我了？,,1457026380,1
34928,科朗在吗？,,1457026380,1
34929,没错。,,1457026380,1
34930,那条毒蛇？为什么问这个？,BD34930,1465490687,1
34931,没什么理由。我只是想——算了，无所谓。我需要你的帮助，莎法娜。我这个早上就要去龙刃堡，希望你能与我同行。,,1457026380,1
34932,我即将出发北行，也许会需要他帮忙。,,1457026380,1
34933,他不在这儿？那我还是走吧。祝晚好，我的女士。,,1457026380,1
34934,<CHARNAME>。我听说你住在杜卡公爵府上。你怎么到我这里来了？尽管说你是来找我的。,BD34934,1465490687,1
34935,尽管说你是来找我的。,,1457026380,1
34936,我是来找你的。这个早上我就要出发北行。希望你能陪我。,,1457026380,1
34937,我是来见你最后一面的。这是个昏暗无光的时代。明天，我就要出发去面对凯拉的十字军。,,1457026380,1
34938,其实我是想找——我又忘了，他叫什么来着？——找科朗说点事情。,,1457026380,1
34939,啊，不……我不是来找你的，而且这个<DAYNIGHTALL>结束之前我还有事要做，所以我想我该走了。再见。,,1457026380,1
34940,我很高兴。,,1457026380,1
34941,那么你在黎明*之前*要做些什么呢？,,1457026380,1
34942,我恐怕我在这个<DAYNIGHTALL>还有很多事要做。,,1457026380,1
34943,再找些别人加入，一起朝北边去。,,1457026380,1
34944,不管做什么，我恐怕那事情都会相当无趣，你不会想在这上浪费时间的。黎明时在杜卡公爵府碰面。,,1457026380,1
34945,也许你可以照料我……,,1457026380,1
34946,好吧，走吧，我会自己找点乐子。,,1457026380,1
34947,这一点我毫不怀疑。我们明天天亮时会在杜卡公爵府和你碰面。,,1457026380,1
34948,天亮时在杜卡公爵府和我们会面。路上我会尽可能给你找些乐子，莎法娜，我保证。,,1457026380,1
34949,我猜你也会。日出时在杜卡公爵府和我们碰面。,,1457026380,1
34950,你最好说到做到，<CHARNAME>。我唯一不能容忍的事情就是无聊。,,1457026380,1
34951,不久后见。,,1457026380,1
34952,你打败了沙弗洛克！结束了铁矿危机！现在又是……这个！我从未见过如此的英雄。,,1457026380,1
34953,你最好别独自出发，<CHARNAME>。咱们何时动身？,,1457026380,1
34954,这事不一定要和科朗扯上关系，不是吗，莎法娜？我得确保你答应此事是为了正当的理由。,,1457026380,1
34955,你真的那么想躲开科朗？,,1457026380,1
34956,黎明，从杜卡公爵府出发。别迟到。,,1457026380,1
34957,你试试跟他住一起。你知道他什么时候摘下面具？,,1457026380,1
34958,*永远不会*。咱们什么时候出发？,,1457026380,1
34959,黎明，从杜卡公爵府。,,1457026380,1
34960,到时候见。,,1457026380,1
34961,我可不会代表那个废物精灵做事，你听到没有？永远不会！,,1457026380,1
34962,咱们什么时候走？,,1457026380,1
34963,谁？,BD34963,1465490687,1
34964,凯拉·阿尔吉特。她要为城里涌进的人潮负责。我们要和她作战，希望你能帮忙。,,1457026380,1
34965,你知道吗？还是算了吧。我自己解决这事。,,1457026380,1
34966,哦，<CHARNAME>，你竟然准备就这样离开——但你还是快走吧。,BD34966,1465490688,1
34967,但你还是快走吧。,,1457026380,1
34968,你。,,1457026380,1
34969,好吧，那我希望你能加入我们。拜托。我需要你的帮助。,,1457026380,1
34970,别这么急着走嘛，<CHARNAME>。我恰巧有些空余时间，而和你共度绝不是最坏的选择。,BD34970,1465490688,1
34971,我别无所求，我的女士。但即使这事要如此发生，也不能发生在此时此处。我在清晨就要去面对光芒女士凯拉，你可以和我同来。,,1457026380,1
34972,好吧，我已经在赶时间了。再见，莎法娜。,,1457026380,1
34973,我不这样认为。,,1457026380,1
34974,夜安。但你本能有个更美好的夜晚，如果你可在此处稍作停留……,,1457026380,1
34975,好吧，我不会求着你陪我。日安，虽说你*本可以*更为愉快，但还是祝你今天过得别太糟。再见。,BD34975,1465490688,1
34976,我从来都没法拒绝你，<CHARNAME>。你需要什么？,,1457026380,1
34977,下个早上，我要加入焰拳的佣兵队，朝北去和光芒女士凯拉正面交锋。,,1457026380,1
34978,博德之门的英雄？真令人惊讶。我听说你住在杜卡公爵府上。我是莎法娜。你来我这里是为了什么？,BD34978,1465490688,1
34979,我正在找人和我一同北上，去和光芒女士凯拉·阿尔吉特正面交锋。,,1457026380,1
34980,方向感真差。祝你有个愉快的<DAYNIGHTALL>，我的女士。,,1457026380,1
34981,我真的想不起来了。我该走了。,,1457026380,1
34982,当然。另外，如果你终于决定与我共度时光，就来找我，不必犹豫。,BD34982,1465490688,1
34983,能那样就好了。但我在这个夜晚结束之前还有许多事情要做。再见。,,1457026380,1
34984,我恐怕你……实在不是我喜欢的类型。,,1457026380,1
34985,咱们不要这样。更甚一步，咱们该和认识咱们的每个人说清楚，我们从未如此。,,1457026380,1
34986,哦？哦。*哦*。,,1457026380,1
34987,那好吧，我想你该走了。晚安。,,1457026380,1
34988,忘了那头淫荡的猪吧，<CHARNAME>。我才是你需要的女人。,BD34988,1465490688,1
34989,那跟我来。,,1457026380,1
34990,你愿意放弃你在这里的生活，和我们一同朝北边去面对凯拉吗？,,1457026380,1
34991,我不这样想。,,1457026380,1
34992,我确定。,,1457026380,1
34993,太好了。我们天亮时在杜卡公爵府出发。,,1457026380,1
34994,我是莎法娜。你是？,,1457026380,1
34995,<CHARNAME>。,,1457026380,1
34996,我是莎法娜。天亮时见。,,1457026380,1
34997,那个恶毒的渣男？你为什么问这个？,,1457026380,1
34998,我即将出门远行，或许需要他帮忙。,,1457026380,1
34999,他不在这儿？那我还是走吧。,,1457026380,1
35000,撇开渣男这点不谈，他的盗贼技巧还是不错的。,,1457026380,1
35001,忘了那头淫荡的猪吧。我来帮你。,,1457026380,1
35002,你来帮我？但我几乎都不认识你。我甚至不确定你的名字是什么。,,1457026380,1
35003,好吧，我没有挑三拣四的资本了。欢迎加入。我们黎明时会从杜卡公爵府出发，呃，你的名字是？,,1457026380,1
35004,感谢你的帮助——至少，感谢你的好意——但我想我自己能搞定。再见。,,1457026380,1
35005,我是莎法娜。不论你想要那个令人掩鼻的精灵为你做什么，我保证我更能胜任那角色。,,1457026380,1
35006,对你来说，整件事就是因为科朗，不是吗？,,1457026380,1
35007,我对此表示怀疑。,,1457026380,1
35008,我不觉得他的气味有那么坏。,,1457026380,1
35009,是又怎样？,,1457026380,1
35010,我不需要因为错误的理由而加入的人。再见。,,1457026380,1
35011,复仇是强大的动机。欢迎加入。我们在黎明时从杜卡公爵府出发。,,1457026380,1
35012,你那吞噬一切的纯粹的厌恶之情让我感到十分有趣。我们在黎明时从杜卡公爵府出发。,,1457026380,1
35013,你和那个废物精灵一样没用。滚吧！出去，给我出去！看着你我就反胃！滚！,BD35013,1465490688,1
35014,*滚*！！,,1457026380,1
35015,盗贼技巧不错？他？哈！忘了那头淫荡的猪吧！,,1457026380,1
35016,滚下九层地狱去吧，科朗！我发誓我要——抱歉，你是？,BD35016,1465490688,1
35017,你好，莎法娜。,,1457026380,1
35018,你不记得了？你是在刻意试图伤害我的感情吗？,,1457026380,1
35019,我是<CHARNAME>。你认识我吗？,,1457026380,1
35020,无名小卒而已。,,1457026380,1
35021,<CHARNAME>。你怎么会在这种见鬼的钟点找上门来？,BD35021,1465490688,1

